partNo,description,cant
17154,PolyPro 3000T,10
17157,Z-Ultimate 3000T,10
17158,Z-Band 4000 (White),10
18924,PolyPro 3000T,10
18925,PolyPro 3000T,10
18926,PolyPro 3000T,10
18927,PolyPro 3000T,10
18928,PolyPro 3000T,10
18929,PolyPro 3000T,10
18930,PolyPro 3000T,10
18932,PolyPro 3000T,10
18939,Z-Ultimate 3000T,10
18940,Z-Ultimate 3000T,10
18941,Z-Ultimate 3000T,10
18942,Z-Ultimate 3000T,10
18943,Z-Ultimate 3000T,10
18950,Z-Ultimate 3000T,10
18951,Z-Ultimate 3000T,10
65156,Z-Perform 1000T 7.5 mil Tag,10
65816,Z-Ultimate 3000T,10
66458,Z-Ultimate 3000T,10
67251,Z-Perform 1000T 7.5 mil Tag,10
67850,Z-Perform 1000T 7.5 mil Tag (Fanfold),10
69531,8000T Tuff 7.0 mil Tag,10
72275,Z-Select 4000D,10
72276,Z-Select 4000D (No Perf),10
72277,Z-Select 4000D,10
72278,Z-Select 4000D,10
72280,Z-Select 4000T,10
72281,Z-Select 4000T,10
72282,Z-Select 4000T,10
72283,Z-Select 4000T (No Perf),10
72284,Z-Select 4000T,10
72285,Z-Select 4000T,10
72286,Z-Select 4000T,10
72287,Z-Select 4000T,10
72288,Z-Select 4000T,10
72289,Z-Select 4000T,10
72290,Z-Select 4000T (No Perf),10
72291,Z-Select 4000T (No Perf),10
72292,Z-Select 4000T (No Perf),10
72294,Z-Select 4000T,10
72295,Z-Select 4000T (Fanfold),10
72296,Z-Select 4000T (No Perf),10
72297,Z-Select 4000T,10
72298,Z-Select 4000T,10
72300,Z-Select 4000T,10
72301,Z-Select 4000T,10
72302,Z-Select 4000T,10
72305,Z-Perform 2000T All-Temp,10
72344,Z-Select 4000D,10
72345,Z-Select 4000D (No Perf),10
72352,Z-Select 4000T 7.0 mil Tag,10
72353,Z-Select 4000T (No Perf),10
72354,Z-Select 4000T (No Perf),10
72369,Z-Perform 2000T All-Temp,10
72371,Z-Perform 2000T All-Temp,10
72372,Z-Perform 2000T All-Temp,10
72373,Z-Perform 2000T All-Temp,10
72374,Z-Perform 2000T All-Temp,10
72376,Z-Perform 2000T All-Temp,10
72377,Z-Perform 2000T All-Temp,10
72974,Z-Select 4000T,10
